{
    "DeepLabv3_plus": [
        55.0,
        0.0009765625
    ],
    "MAResUNet": [
        55.0,
        0.0009765625
    ],
    "UNet": [
        45.0,
        0.0419921875
    ],
    "HRNet_OCR": [
        55.0,
        0.0009765625
    ],
    "HRNet": [
        55.0,
        0.0009765625
    ]
}